customerID,gender,SeniorCitizen,Partner,Dependents,tenure,PhoneService,MultipleLines,InternetService,OnlineSecurity,OnlineBackup,DeviceProtection,TechSupport,StreamingTV,StreamingMovies,Contract,PaperlessBilling,PaymentMethod,MonthlyCharges,TotalCharges,Churn
9763-GRSKD,Male,0,Yes,Yes,13,Yes,No,DSL,Yes,No,No,No,No,No,Month-to-month,Yes,Mailed check,49.95,587.45,No
7469-LKBCI,Male,0,No,No,16,Yes,No,No,No internet service,No internet service,No internet service,No internet service,No internet service,No internet service,Two year,No,Credit card (automatic),18.95,326.8,No
8091-TTVAX,Male,0,Yes,No,58,Yes,Yes,Fiber optic,No,No,Yes,No,Yes,Yes,One year,No,Credit card (automatic),100.35,5681.1,No
0280-XJGEX,Male,0,No,No,49,Yes,Yes,Fiber optic,No,Yes,Yes,No,Yes,Yes,Month-to-month,Yes,Bank transfer (automatic),103.7,5036.3,Yes
5129-JLPIS,Male,0,No,No,25,Yes,No,Fiber optic,Yes,No,Yes,Yes,Yes,Yes,Month-to-month,Yes,Electronic check,105.5,2686.05,No
3655-SNQYZ,Female,0,Yes,Yes,69,Yes,Yes,Fiber optic,Yes,Yes,Yes,Yes,Yes,Yes,Two year,No,Credit card (automatic),113.25,7895.15,No
8191-XWSZG,Female,0,No,No,52,Yes,No,No,No internet service,No internet service,No internet service,No internet service,No internet service,No internet service,One year,No,Mailed check,20.65,1022.95,No
9959-WOFKT,Male,0,No,Yes,71,Yes,Yes,Fiber optic,Yes,No,Yes,No,Yes,Yes,Two year,No,Bank transfer (automatic),106.7,7382.25,No
4190-MFLUW,Female,0,Yes,Yes,10,Yes,No,DSL,No,No,Yes,Yes,No,No,Month-to-month,No,Credit card (automatic),55.2,528.35,Yes
4183-MYFRB,Female,0,No,No,21,Yes,No,Fiber optic,No,Yes,Yes,No,No,Yes,Month-to-month,Yes,Electronic check,90.05,1862.9,No
8779-QRDMV,Male,1,No,No,1,No,No phone service,DSL,No,No,Yes,No,No,Yes,Month-to-month,Yes,Electronic check,39.65,39.65,Yes
1680-VDCWW,Male,0,Yes,No,12,Yes,No,No,No internet service,No internet service,No internet service,No internet service,No internet service,No internet service,One year,No,Bank transfer (automatic),19.8,202.25,No